Name,MinProjectSize,Wage,Team-Size,Website,location
Origin Films,$1000+,$150 - $199 / hr,Size : 2 - 9,http://www.originfilms.ca/?utm_source=clutch.co&utm_medium=referral,Toronto  Canada
Signature Video Group,$10000+,Undisclosed,Size : 2 - 9,https://www.signaturevideogroup.com/?utm_source=clutch.co&utm_medium=referral&utm_campaign=directory,Toronto  Canada
Archipelago Productions,$5000+,Undisclosed,Size : 2 - 9,https://www.archipelagoproductions.ca/services/?utm_source=clutch.co&utm_medium=referral&utm_campaign=directory,Toronto  Canada
Explainify,$10000+,$150 - $199 / hr,Size : 10 - 49,https://explainify.com/?utm_source=clutch&utm_medium=referral,Fayetteville  AR
Rocketwheel,$10000+,$100 - $149 / hr,Size : 2 - 9,https://rocketwheel.com/?utm_source=clutch.co&utm_medium=referral,San Francisco  CA
BKDSN,$5000+,$100 - $149 / hr,Size : 2 - 9,http://www.bkdsn.com/?utm_source=clutch.co&utm_medium=referral&utm_campaign=directory,Montréal  Canada
Key West Video Inc.,$1000+,Undisclosed,Size : 10 - 49,https://www.keywestvideo.com/?utm_source=clutch.co&utm_medium=referral,Toronto  Canada
VCM Interactive Inc.,$1000+,$100 - $149 / hr,Size : 2 - 9,https://www.vcminteractive.com/?utm_source=clutch.co&utm_medium=referral&utm_campaign=directory,Mississauga  Canada
Momentumm Digital,$1000+,$100 - $149 / hr,Size : 2 - 9,https://momentumm.co/?utm_source=clutch.co&utm_medium=referral&utm_campaign=directory,Montréal  Canada
Bujou Creative,$1000+,$100 - $149 / hr,Size : 10 - 49,http://www.bujou.ca/?utm_source=clutch.co&utm_medium=referral&utm_campaign=directory,Calgary  Canada
Six Degrees Productions,$1000+,$50 - $99 / hr,Size : 2 - 9,https://sixdegreesproductions.ca/,Vancouver  Canada
Oranje,$5000+,$100 - $149 / hr,Size : 10 - 49,http://www.oranje.io,Vallée-Jonction  Canada
Creamy Animation,$5000+,$100 - $149 / hr,Size : 10 - 49,https://creamyanimation.com,Vancouver  Canada
Great Things Studios,$5000+,$150 - $199 / hr,Size : 2 - 9,https://514gt.com,Montréal  Canada
Switch Video,$10000+,$150 - $199 / hr,Size : 10 - 49,http://www.switchvideo.com,Collingwood  Canada
Simple Story Videos,$10000+,Undisclosed,Size : 10 - 49,http://simplestoryvideos.com,Ottawa  Canada
Symbol Syndication,$1000+,Undisclosed,Size : 2 - 9,http://www.symbolsyndication.com,Calgary  Canada
Your Story Agency,$5000+,$100 - $149 / hr,Size : 2 - 9,http://www.your-story.agency,Vancouver  Canada
Mission + Theory,$5000+,Undisclosed,Size : 2 - 9,http://www.missionandtheory.com,Ottawa  Canada
Black Box Productions,$5000+,Undisclosed,Size : 2 - 9,http://www.blackboxproductions.tv/,Montréal  Canada
Cloud in the Sky Studios,$10000+,Undisclosed,Size : 10 - 49,http://cloudintheskystudios.com,Ottawa  Canada
Dancing Line Productions,$10000+,$50 - $99 / hr,Size : 2 - 9,http://www.dancinglineproductions.com,Vancouver  Canada
IND Films,$5000+,$150 - $199 / hr,Size : 2 - 9,https://indfilms.ca,Montréal  Canada
Cat Around Films,$1000+,$100 - $149 / hr,Size : 2 - 9,http://cataroundfilms.com/,Montréal  Canada
REBL HOUSE INC.,$10000+,Undisclosed,Size : 10 - 49,https://www.reblhouse.com/,Montréal  Canada
Intangible,$5000+,$100 - $149 / hr,Size : 2 - 9,http://intangible.co,Toronto  Canada
Picture This Productions,$5000+,Undisclosed,Size : 2 - 9,http://www.picturethis.ca/,Montréal  Canada
Stature Films,$5000+,Undisclosed,Size : 2 - 9,http://www.staturefilms.com,Toronto  Canada
Minifridge Media,$10000+,$100 - $149 / hr,Size : 2 - 9,http://www.minifridgemedia.com,Toronto  Canada
Rubicon Video Service,$1000+,Undisclosed,Size : 10 - 49,http://www.videorubicon.com,Montréal  Canada
Ajax Creative,$10000+,Undisclosed,Size : 2 - 9,http://ajaxcreative.com/?utm_source=clutch.co&utm_medium=referral,Ottawa  Canada
Exaltus,$5000+,Undisclosed,Size : 2 - 9,https://www.exaltus.ca/,Montréal  Canada
Angry Whale Media,$5000+,Undisclosed,Size : 2 - 9,http://awmedia.ca,Mount Albert  Canada
Skylight Productions,$5000+,Undisclosed,Size : 2 - 9,http://www.skylightproductions.ca,St. Jacobs  Canada
Bolan Creative,$5000+,Undisclosed,Size : 2 - 9,http://bolancreative.com,Toronto  Canada
BuzzMasters,$5000+,$50 - $99 / hr,Size : 10 - 49,https://www.buzzmasters.ca/,North Bay  Canada
Jayme Cowley Media Co.,$5000+,$100 - $149 / hr,Size : 2 - 9,http://www.jaymecowleymedia.co,Burnaby  Canada
Moveo Productions,$1000+,Undisclosed,Size : 2 - 9,http://www.moveoproductions.com,Montréal  Canada
Dream Farm Studios,$10000+,$300+ / hr,Size : 50 - 249,http://dreamfarmstudios.com,Toronto  Canada
Image Inventions,$1000+,$100 - $149 / hr,Size : 2 - 9,https://www.imageinventions.com,Calgary  Canada
Blue Chip Productions Inc.,$1000+,$50 - $99 / hr,Size : 2 - 9,http://www.bluechipproductions.ca/,North Vancouver  Canada
Winter Summer Media,$1000+,$100 - $149 / hr,Size : 2 - 9,http://wintersummer.ca/?utm_source=clutch.co&utm_medium=referral,Montreal  Canada
Timelapse Film Media House Inc.,$10000+,Undisclosed,Size : 2 - 9,http://timelapsefilm.ca,Vancouver  Canada
Route Eleven,$10000+,Undisclosed,Size : 2 - 9,http://www.routeeleven.com,Toronto  Canada
K&F Video Productions,$1000+,$100 - $149 / hr,Size : 2 - 9,https://www.kfvideo.ca/,Toronto  Canada
Staggering Media,$1000+,Undisclosed,Size : 2 - 9,http://staggeringmedia.com/,Vancouver  Canada
Sailfin Productions,$1000+,Undisclosed,Size : 2 - 9,http://www.sailfinproductions.com,Toronto  Canada
Erik Johnson Film,$10000+,Undisclosed,Size : 2 - 9,https://www.erikjohnsonfilm.com/,Calgary  Canada
Maven Media Group,$5000+,$100 - $149 / hr,Size : 10 - 49,https://mavenmediagroup.ca,Calgary  Canada
THP,Undisclosed,Undisclosed,Size : 50 - 249,http://www.thpcreates.com,Toronto  Canada
Kimp.io,Undisclosed,< $25 / hr,Size : 50 - 249,http://www.kimp.io,Markham  Canada
Black Hawk,$5000+,$100 - $149 / hr,Size : 2 - 9,https://www.blackhawkdigital.co,Mississauga  Canada
ArtClip,$1000+,$50 - $99 / hr,Size : Freelancer,https://artclip.ca/,Toronto  Canada
Toast Studio,$25000+,$100 - $149 / hr,Size : 10 - 49,https://www.gotoast.ca,Montreal  Canada
By The Booth,$50000+,Undisclosed,Size : 2 - 9,http://www.bythebooth.com/?utm_source=clutch.co&utm_medium=referral&utm_campaign=directory,Toronto  Canada
Social Hero,$5000+,$100 - $149 / hr,Size : 10 - 49,https://socialhero.ca,Edmonton  Canada
FEAST,$5000+,$100 - $149 / hr,Size : 10 - 49,http://feastinteractive.com,Markham  Canada
Dreww,$25000+,$150 - $199 / hr,Size : 2 - 9,http://dreww.ca,Montréal  Canada
YYC3 Marketing,$1000+,$100 - $149 / hr,Size : 2 - 9,http://yycthree.com,Calgary  Canada
func.media,$10000+,$100 - $149 / hr,Size : 10 - 49,http://www.func.media,Toronto  Canada
Thirdperson.ca,$10000+,$100 - $149 / hr,Size : 2 - 9,http://thirdperson.ca,Oakville  Canada
Agency Media,$1000+,Undisclosed,Size : 10 - 49,https://agency.media/,Surrey  Canada
SAVIAN,$10000+,$100 - $149 / hr,Size : 2 - 9,https://savian.ca,Edmonton  Canada
Awesome Web Designs,$1000+,$25 - $49 / hr,Size : 2 - 9,https://awesomewebdesigns.ca/,Toronto  Canada
Label 428,$25000+,Undisclosed,Size : 2 - 9,http://www.label428.com,Toronto  Canada
Token Creative Services,$10000+,$50 - $99 / hr,Size : 10 - 49,https://tokencs.ca/contact-us/,Kitchener  Canada
Loopmedia,$25000+,$150 - $199 / hr,Size : 10 - 49,http://www.loopmedia.com,Toronto  Canada
Something Great Marketing,$1000+,$100 - $149 / hr,Size : 2 - 9,https://www.getsomethinggreat.com/?utm_source=clutch.co&utm_medium=referral,Denver  CO
smart collective inc.,$1000+,Undisclosed,Size : 2 - 9,https://smartissimple.ca,Toronto  Canada
Toronto Creatives,$10000+,$100 - $149 / hr,Size : 2 - 9,https://torontocreatives.com/,Toronto  Canada
44 North Digital Marketing,$5000+,$100 - $149 / hr,Size : 2 - 9,https://fortyfournorth.ca,London  Canada
Grid Communications,$5000+,$100 - $149 / hr,Size : 2 - 9,http://gridagencyinc.ca,Toronto  Canada
Orkestra,Undisclosed,Undisclosed,Size : 10 - 49,https://orkestra.ca/en/homepage,Gatineau  Canada
Pixelcarve Inc.,$25000+,$150 - $199 / hr,Size : 10 - 49,https://pixelcarve.com/,Toronto  Canada
BrainWorks - The Growth Agency,$10000+,$150 - $199 / hr,Size : 10 - 49,http://www.brainworksmarketing.ca,Moncton  Canada
MVMNT Media,$1000+,$100 - $149 / hr,Size : 2 - 9,http://www.mvmntmedia.ca,Calgary  Canada
Blitz Marketing,$5000+,$100 - $149 / hr,Size : 10 - 49,https://www.blitzmarketing.co/,Toronto  Canada
Intrigue,$25000+,Undisclosed,Size : 10 - 49,http://www.intrigueme.ca,Guelph  Canada
Ballistic Arts,$5000+,$150 - $199 / hr,Size : 10 - 49,https://ballisticarts.com/,Coquitlam  Canada
Every IT Solution Inc,$1000+,$50 - $99 / hr,Size : 10 - 49,https://everyitsolution.com/,Brampton  Canada
Enable X,$1000+,$50 - $99 / hr,Size : 2 - 9,https://enablex.ca,Toronto  Canada
Trafix,$1000+,$25 - $49 / hr,Size : 2 - 9,http://Trafix.ca,Montréal  Canada
Masse Digital,$1000+,$100 - $149 / hr,Size : 2 - 9,https://www.masse.digital,Montréal  Canada
ELK MKTG,$1000+,$100 - $149 / hr,Size : 2 - 9,http://www.elkmktg.com,Montréal  Canada
Nura Creative,$1000+,$150 - $199 / hr,Size : 2 - 9,https://www.nuracreative.com/,Vancouver  Canada
Bold x Collective,$1000+,$100 - $149 / hr,Size : 2 - 9,https://www.boldxcollective.com/,Mississauga  Canada
Bizbird,$1000+,$100 - $149 / hr,Size : 2 - 9,https://www.bizbird.co,Toronto  Canada
CG Production Co,$1000+,$50 - $99 / hr,Size : 2 - 9,http://www.cgproductionco.com,Oro Station  Canada
Merge9,$1000+,Undisclosed,Size : 2 - 9,https://www.merge9.ca,Ottawa  Canada
Black Belt Productions,$1000+,$100 - $149 / hr,Size : 2 - 9,https://www.blackbeltproductions.ca/?utm_source=clutch.co&utm_medium=referral&utm_campaign=directory,Toronto  Canada
LN Marketing Group Inc.,$1000+,$100 - $149 / hr,Size : 2 - 9,https://www.lnmarketinggroup.ca,Edmonton  Canada
NightSchool Films,$1000+,$100 - $149 / hr,Size : 2 - 9,http://www.nightschoolfilms.com,Calgary  Canada
Wallop,$25000+,$150 - $199 / hr,Size : 10 - 49,http://wallop.ca,Vancouver  Canada
Spring Advertising,$10000+,$150 - $199 / hr,Size : 10 - 49,https://springadvertising.com/#!home,Vancouver  Canada
The Metrick System,$10000+,$150 - $199 / hr,Size : 2 - 9,http://metricksystem.com/,Toronto  Canada
MJM Media,$1000+,$100 - $149 / hr,Size : 10 - 49,http://www.mjmmedia.com,Hamilton  Canada
Antisocial Media Solutions,$5000+,$100 - $149 / hr,Size : 10 - 49,https://antisocialsolutions.com/,Vancouver  Canada
Viva Media Inc.,$5000+,Undisclosed,Size : 2 - 9,http://www.vivamedia.ca,Toronto  Canada
Upperkut,$10000+,$150 - $199 / hr,Size : 10 - 49,http://upperkut.com/,Montréal  Canada
Ove Brand | Design,$10000+,$100 - $149 / hr,Size : 10 - 49,http://ovedesign.com/,Toronto  Canada
ArtX Pro,$1000+,< $25 / hr,Size : 10 - 49,http://www.artxpro.com,Karachi  Pakistan
Celtx,Undisclosed,Undisclosed,Size : 10 - 49,https://www.celtx.com/company.html,St. John's  Canada
National Film Board of Canada,Undisclosed,Undisclosed,Size : 2 - 9,https://www.nfb.ca/,St. John's  Canada
ACTRA,Undisclosed,Undisclosed,Size : 250 - 999,http://www.actra.ca/,St. John's  Canada
Grumo Media,Undisclosed,Undisclosed,Size : 2 - 9,https://grumomedia.com/,Vancouver  Canada
Squeeze Studio,Undisclosed,Undisclosed,Size : 50 - 249,http://www.squeezestudio.com/,Québec  Canada
Media Button,Undisclosed,Undisclosed,Size : 2 - 9,https://mediabutton.com/,Vancouver  Canada
Outreach Productions,Undisclosed,Undisclosed,Size : 10 - 49,https://www.outreachproductions.com,French River  Canada
St. John's International Women's Film Festival,Undisclosed,Undisclosed,Size : 10 - 49,https://www.womensfilmfestival.com/,St. John's  Canada
Basetwo Media,$10000+,$100 - $149 / hr,Size : 2 - 9,http://videoforbusiness.ca,Vancouver  Canada
Again Studios,Undisclosed,Undisclosed,Size : 10 - 49,http://www.againstudios.com/,Toronto  Canada
Newfoundland and Labrador Film Development Corporation,Undisclosed,Undisclosed,Size : 2 - 9,http://www.nlfdc.ca/,St. John's  Canada
Nickel Independent Film Festival,Undisclosed,Undisclosed,Size : 2 - 9,http://nickelfestival.com/,St. John's  Canada
Omnifilm Entertainment Ltd.,Undisclosed,Undisclosed,Size : 10 - 49,https://www.omnifilm.com/home/capabilities,Vancouver  Canada
GSM Project,Undisclosed,Undisclosed,Size : 50 - 249,https://gsmproject.com,Montréal  Canada
Q Media Solutions,Undisclosed,$50 - $99 / hr,Size : 10 - 49,http://qmediasolutions.com/,Toronto  Canada
Epic Video Factory,Undisclosed,Undisclosed,Size : 2 - 9,https://epicvideofactory.com/,Toronto  Canada
NIFCO,Undisclosed,Undisclosed,Size : 2 - 9,http://www.nifco.org/,St. John's  Canada
Screen Siren Pictures Inc.,Undisclosed,Undisclosed,Size : 2 - 9,http://www.screensiren.ca/,Vancouver  Canada
Astrodog Media,$10000+,$150 - $199 / hr,Size : 2 - 9,http://www.astrodogmedia.com,Kitchener  Canada
Rami Films Inc.,$1000+,$100 - $149 / hr,Size : 2 - 9,https://ramifilms.com,Vancouver  Canada
Red Letter Films,Undisclosed,Undisclosed,Size : 10 - 49,https://www.redletterfilms.com/,Surrey  Canada
Spider Video Inc.,$1000+,Undisclosed,Size : 2 - 9,http://spidervideo.tv/,Dartmouth  Canada
Ocean Entertainment Ltd.,Undisclosed,Undisclosed,Size : 2 - 9,http://ocean.ca/,Halifax  Canada
Copernicus Studios Inc.,Undisclosed,Undisclosed,Size : 50 - 249,https://www.copernicusstudios.com/,Halifax  Canada
Tell Tale Productions Inc.,Undisclosed,Undisclosed,Size : 2 - 9,http://www.telltale.tv/,Halifax  Canada
Wonderlust Media Inc.,Undisclosed,Undisclosed,Size : 2 - 9,http://wonderlustmedia.ca/,Halifax  Canada
Pope Productions,Undisclosed,Undisclosed,Size : 2 - 9,http://popeproductions.ca/,St. John's  Canada
Tripwire Media Group,$10000+,Undisclosed,Size : 10 - 49,https://www.tripwiremedia.com/,Winnipeg  Canada
Red Ripley Inc.,Undisclosed,Undisclosed,Size : 10 - 49,https://redripley.com/,Vancouver  Canada
Future’s Past Events,$1000+,$100 - $149 / hr,Size : 2 - 9,https://futurespastevents.ca/,Toronto  Canada
Overseas Video Lab,Undisclosed,Undisclosed,Size : 2 - 9,http://overseasvideolab.com/,Toronto  Canada
Pacific Backlot Services,Undisclosed,Undisclosed,Size : 2 - 9,http://www.pacificbacklot.com/,Vancouver  Canada
Tivoli Films,Undisclosed,Undisclosed,Size : 2 - 9,https://www.tivolifilms.ca/,Elora  Canada
Encounter Studios,Undisclosed,Undisclosed,Size : 2 - 9,https://encounterstudios.ca/,Toronto  Canada
iFX Productions,Undisclosed,Undisclosed,Size : 2 - 9,https://ifxproductions.com/,Québec  Canada
Illustrate It Video,$5000+,Undisclosed,Size : 10 - 49,https://illustrateitvideo.com/,Toronto  Canada
PicsellGlobal,$1000+,$25 - $49 / hr,Size : 2 - 9,https://picsellglobal.com/,Winnipeg  Canada
Sham Video Productions,Undisclosed,Undisclosed,Size : 2 - 9,http://shamvideoproductions.ca/,Surrey  Canada
Clerisy Entertainment,Undisclosed,Undisclosed,Size : 2 - 9,https://www.clerisyentertainment.com/,Dartmouth  Canada
Big Motion Pictures Limited,Undisclosed,Undisclosed,Size : 10 - 49,https://www.bigmotionpictures.com/,Chester  Canada
East Coast Video Productions,Undisclosed,Undisclosed,Size : 2 - 9,http://www.ecvp.com/,Dartmouth  Canada
RPM Productions Inc.,Undisclosed,Undisclosed,Size : 2 - 9,https://www.rpmproductions.tv/,Bedford  Canada
Take the Shot Productions Inc.,Undisclosed,Undisclosed,Size : 10 - 49,http://www.taketheshotproductions.com/,St. John's  Canada
Morag Loves Company,Undisclosed,Undisclosed,Size : 2 - 9,https://morag.ca/,St. John's  Canada
Augusta Production,Undisclosed,Undisclosed,Size : 2 - 9,http://www.augustaproductions.com/,St. John's  Canada
Cedarwood Productions Inc,Undisclosed,Undisclosed,Size : 2 - 9,http://cedarwoodproductions.net,Victoria  Canada
Edge Digital Media,Undisclosed,Undisclosed,Size : 2 - 9,https://www.edgedigital.ca/,Kelowna  Canada
Kalyan Studios,Undisclosed,Undisclosed,Size : 2 - 9,https://kalyanstudios.com/,Victoria  Canada
Vanquished Media,$5000+,$50 - $99 / hr,Size : 2 - 9,https://www.vanquishedmedia.com/,Toronto  Canada
KAV Productions Inc.,Undisclosed,Undisclosed,Size : 2 - 9,https://kav.ca/,Cornwall  Canada
Gardner Productions,Undisclosed,Undisclosed,Size : 10 - 49,https://gardnerproductions.ca/,Toronto  Canada
IDEO Productions,Undisclosed,Undisclosed,Size : 2 - 9,https://productionsideo.com/,Québec  Canada
Cinemetrix Media,$1000+,Undisclosed,Size : 2 - 9,http://www.cinemetrixmedia.com,Vaughan  Canada
2C Media,$5000+,Undisclosed,Size : 10 - 49,https://www.2cmedia.ca/,Calgary  Canada
Twisted Frame,$5000+,$100 - $149 / hr,Size : 2 - 9,https://www.twistedframe.ca/,Toronto  Canada
Atlantic Mediaworks,Undisclosed,Undisclosed,Size : 2 - 9,http://atlanticmediaworks.com/,Fredericton  Canada
Atlas Films,Undisclosed,Undisclosed,Size : 2 - 9,http://atlasfilms.ca,Moncton  Canada
Up Sky Down Films,Undisclosed,Undisclosed,Size : 2 - 9,http://upskydownfilms.com/,St. John's  Canada
Nine Island Communications,Undisclosed,Undisclosed,Size : 2 - 9,https://nineisland.ca/,St. John's  Canada
Frozen Moments,Undisclosed,Undisclosed,Size : 2 - 9,http://www.frozenmoments.ca/,Holyrood  Canada
Backlot Media & Company Man Production Services,$5000+,Undisclosed,Size : 2 - 9,http://www.backlot.ca/,Vancouver  Canada
VidCraft Production Ltd,Undisclosed,Undisclosed,Size : 2 - 9,http://www.vidcraft.com/,Corner Brook  Canada
FPS Productions (and Filet Post Production Services) Inc.,Undisclosed,Undisclosed,Size : 2 - 9,http://www.fpsproductions.tv/,Halifax  Canada
Realstock Production Company,Undisclosed,Undisclosed,Size : 2 - 9,https://www.realstock.ca/,Vancouver  Canada
Red Castle Films,Undisclosed,Undisclosed,Size : 2 - 9,http://redcastlefilms.com/,Vancouver  Canada
Noravera Visuals,Undisclosed,Undisclosed,Size : 2 - 9,https://www.noravera.com/,Vancouver  Canada
LoVero Films,Undisclosed,Undisclosed,Size : 2 - 9,https://loverofilms.com/,Burnaby  Canada
Productions Nücom,Undisclosed,Undisclosed,Size : 2 - 9,http://www.productionsnucom.ca/,Québec  Canada
902 Post Inc.,Undisclosed,Undisclosed,Size : 2 - 9,http://www.902post.com/,Halifax  Canada
Arrowfoot Inc.,Undisclosed,Undisclosed,Size : 2 - 9,http://www.arrowfoot.com/,Saint John  Canada
Creative Atlantic Communications Ltd.,Undisclosed,Undisclosed,Size : 2 - 9,https://www.creativeatlantic.com/,Halifax  Canada
Accomplice Content Supply Co.,Undisclosed,Undisclosed,Size : 10 - 49,http://www.accomplicecontent.ca/,Halifax  Canada
James Lewis Pictures,Undisclosed,Undisclosed,Size : 2 - 9,http://www.jameslewispictures.com/,St. John's  Canada
Skyreach Media,Undisclosed,Undisclosed,Size : 2 - 9,http://www.skyreachmedia.ca/,Flatrock  Canada
DroneNL,Undisclosed,Undisclosed,Size : 2 - 9,https://dronenl.com/,St. John's  Canada
Rock Island Production,Undisclosed,Undisclosed,Size : 2 - 9,https://www.rockislandmovies.com/,St. John's  Canada
Taylor Reid Creative Agency,Undisclosed,Undisclosed,Size : 2 - 9,https://www.taylorreid.ca/,Toronto  Canada
Visual Arcade,Undisclosed,Undisclosed,Size : 2 - 9,https://www.visualarcadecreative.com/,Toronto  Canada
We Film Events,$1000+,$50 - $99 / hr,Size : 2 - 9,http://wefilmevents.ca,Vancouver  Canada
The Film Lab,$1000+,$100 - $149 / hr,Size : 10 - 49,http://www.thefilmlab.ca,Toronto  Canada
Lapse Productions,$1000+,Undisclosed,Size : 2 - 9,https://www.lapseproductions.com/,Toronto  Canada
Cut:Thru Media,$1000+,$150 - $199 / hr,Size : 2 - 9,http://cutthrumedia.com,Edmonton  Canada
Approach Media Inc,$1000+,$100 - $149 / hr,Size : 2 - 9,https://approachmedia.ca/,Vancouver  Canada
Taam Studio,$1000+,$50 - $99 / hr,Size : 2 - 9,http://taammedia.com,Montreal  Canada
Wavelight Productions,Undisclosed,Undisclosed,Size : 2 - 9,http://wavelight.productions/,St. John's  Canada
Tin Bird Productions Inc.,Undisclosed,Undisclosed,Size : 2 - 9,https://tinbirdproductions.com/,St. John's  Canada
Wreckhouse Productions Inc.,Undisclosed,Undisclosed,Size : 2 - 9,http://www.wreckhouseproductions.com/,St. John's  Canada
Moved By Video,Undisclosed,Undisclosed,Size : 2 - 9,https://www.movedbyvideo.com/,St. John's  Canada
Yellow Colibri,Undisclosed,Undisclosed,Size : 2 - 9,http://yellowcolibri.ca/,Toronto  Canada
Pushr Video,Undisclosed,Undisclosed,Size : 2 - 9,http://www.pushrvideo.com/,Vancouver  Canada
VideoKings,$1000+,$50 - $99 / hr,Size : 2 - 9,https://videokings.ca/,Port Moody  Canada
Brand Stories™,$5000+,$200 - $300 / hr,Size : Freelancer,http://brandstories.ca/,Victoria  Canada
ALLinMOTION Studios,$1000+,$50 - $99 / hr,Size : 10 - 49,https://www.allinmotion.com/,Mumbai  India
TAGG Creative,$5000+,Undisclosed,Size : 2 - 9,http://www.taggcreative.com,Vancouver  Canada
Whiskey Tango Foxtrot,Undisclosed,Undisclosed,Size : 2 - 9,http://whiskeytangofoxtrot.tv/,Trepassey  Canada
Zeker Cinematics,$1000+,Undisclosed,Size : 2 - 9,https://www.zekercinematics.com/,Aurora  Canada
Tario Productions,$10000+,$100 - $149 / hr,Size : 2 - 9,https://tarioproductions.com/,Vancouver  Canada
L-Ex Media,$5000+,Undisclosed,Size : 2 - 9,https://wemakeawesome.ca/,Greater Sudbury  Canada
Vancouver Video Avenue,$5000+,$100 - $149 / hr,Size : 2 - 9,https://vancouvervideoavenue.com,Vancouver  Canada
Axle Films,$5000+,$100 - $149 / hr,Size : 2 - 9,http://www.axlefilms.com,Windsor  Canada
Community Productions,$1000+,$100 - $149 / hr,Size : 2 - 9,https://www.communityproductions.ca/,Calgary  Canada
Light Warrior Films,$1000+,$25 - $49 / hr,Size : 2 - 9,https://lightwarriorfilms.com,Montréal  Canada
UpMedia Inc.,$1000+,$100 - $149 / hr,Size : 2 - 9,https://upmedia.video/,Vancouver  Canada
Slant Visuals,$10000+,Undisclosed,Size : 2 - 9,http://www.slantvisuals.com,Montréal  Canada
Tilt Media,$1000+,Undisclosed,Size : 2 - 9,http://tiltmedia.ca,Halifax  Canada
Mardeo Pictures,$1000+,$25 - $49 / hr,Size : 2 - 9,https://mardeovideo.wixsite.com/picture,Toronto  Canada
Animation Farm,Undisclosed,Undisclosed,Size : 10 - 49,http://animation.farm,Kyiv  Ukraine
Buss house,$1000+,$50 - $99 / hr,Size : 2 - 9,http://busshouse.ca,Toronto  Canada
Inframe Films Inc.,$1000+,$200 - $300 / hr,Size : 2 - 9,https://www.inframefilms.ca/,Vancouver  Canada
Focus On Why Media Inc.,$1000+,$150 - $199 / hr,Size : 2 - 9,https://www.focusonwhymedia.com/,Calgary  Canada
Surf and Stone Studios,$5000+,$50 - $99 / hr,Size : 2 - 9,https://www.surfandstonestudios.com,Victoria  Canada
Dkvisualsx,$1000+,Undisclosed,Size : 2 - 9,https://www.dkvisualsx.com/,Toronto  Canada
Conjured Images,Undisclosed,Undisclosed,Size : 2 - 9,https://conjuredimages.ca,Vancouver  Canada
Eric Peterson Videographer,$1000+,$50 - $99 / hr,Size : Freelancer,https://www.ewpeterson.com,Vancouver  Canada
Advutu,$1000+,Undisclosed,Size : 2 - 9,http://advutu.com,Mississauga  Canada
Maxon Computer Canada Inc.,Undisclosed,Undisclosed,Size : 50 - 249,https://www.maxon.net/en/,Montréal  Canada
Rhombus Media Inc.,Undisclosed,Undisclosed,Size : 10 - 49,http://rhombusmedia.com/,Toronto  Canada
Rodeo Prod Inc.,Undisclosed,Undisclosed,Size : 10 - 49,https://rodeoproduction.com/,Montréal  Canada
Pink Dog Productions Inc.,Undisclosed,Undisclosed,Size : 2 - 9,http://www.pinkdog.ca/,Halifax  Canada
Means of Production,Undisclosed,Undisclosed,Size : 2 - 9,https://meansofproduction.ca/,Vancouver  Canada
Linus Media Group,Undisclosed,Undisclosed,Size : 10 - 49,http://www.linusmediagroup.com/,Surrey  Canada
Ontario Camera,Undisclosed,Undisclosed,Size : 10 - 49,http://ontariocamera.com/,Toronto  Canada
Digital Dream Productions Inc,Undisclosed,Undisclosed,Size : 10 - 49,http://www.digitaldream.com/,Mississauga  Canada
PostPro Media,Undisclosed,Undisclosed,Size : 2 - 9,https://postpromedia.com/,Vancouver  Canada
Vek Labs,$1000+,$200 - $300 / hr,Size : 2 - 9,http://www.veklabs.com,Calgary  Canada
Goldtooth Creative Agency Inc,Undisclosed,Undisclosed,Size : 10 - 49,http://goldtooth.com/,Vancouver  Canada
Modest Tree,Undisclosed,Undisclosed,Size : 10 - 49,https://www.modesttree.com/,Halifax  Canada
v,Undisclosed,Undisclosed,Size : 10 - 49,http://vinc.ca,Calgary  Canada
Angle Media Group,Undisclosed,Undisclosed,Size : 10 - 49,http://www.anglemediagroup.com/,Toronto  Canada
Inspired Image,Undisclosed,Undisclosed,Size : 10 - 49,http://inspiredimage.ca/,Toronto  Canada
Vo2 Mix,Undisclosed,Undisclosed,Size : 10 - 49,http://www.vo2mix.ca/,Toronto  Canada
The Media Concierge,Undisclosed,Undisclosed,Size : 10 - 49,https://www.themediaconcierge.com/,Toronto  Canada
360iam,Undisclosed,Undisclosed,Size : 10 - 49,https://www.360iam.com/,Vaughan  Canada
Big Bambi Productions,$1000+,Undisclosed,Size : 2 - 9,http://bigbambi.ca,Ottawa  Canada
JMorris Media,Undisclosed,Undisclosed,Size : 2 - 9,https://www.jmorrismedia.com/,Hamilton  Canada
Sepian Media,$1000+,$50 - $99 / hr,Size : 2 - 9,http://www.sepianmedia.com,Newmarket  Canada
LPX Digital,Undisclosed,Undisclosed,Size : 10 - 49,http://www.lpxdigital.com,Toronto  Canada
Images made real,Undisclosed,Undisclosed,Size : 10 - 49,http://www.imagesmadereal.com/,Toronto  Canada
Jump Creative Inc.,Undisclosed,Undisclosed,Size : 10 - 49,http://jumpcreative.com,Toronto  Canada
Coco Video Production,Undisclosed,Undisclosed,Size : 10 - 49,https://cocovideoproduction.com/,Mississauga  Canada
Makers,$25000+,$100 - $149 / hr,Size : 10 - 49,http://www.makers.to,Ross  CA
Deep Rock Productions,$5000+,$150 - $199 / hr,Size : 2 - 9,https://www.deeprockproductions.com/,Montréal  Canada
News Knowledge Media Inc.,$1000+,Undisclosed,Size : 2 - 9,http://www.newsknowledgemedia.com,London  Canada
The Craft Self Tape Studio,Undisclosed,Undisclosed,Size : 10 - 49,https://torontoselftape.com/,Toronto  Canada
Midnight Print Studios,Undisclosed,Undisclosed,Size : 10 - 49,http://www.midnightprintstudios.com/,Toronto  Canada
Sepian Productions,Undisclosed,Undisclosed,Size : 10 - 49,https://www.sepianproductions.com/,Aurora  Canada
VIRUL,$5000+,$200 - $300 / hr,Size : 10 - 49,https://virul.co/,Toronto  Canada
Skillen & Co.,$5000+,$50 - $99 / hr,Size : Freelancer,https://www.skillenandco.com,Vancouver  Canada
Lift- Toronto,Undisclosed,Undisclosed,Size : 2 - 9,https://lift.ca/,Toronto  Canada
SDE Weddings,Undisclosed,Undisclosed,Size : 2 - 9,https://sdeweddings.com/,Markham  Canada
OTBx Air,Undisclosed,Undisclosed,Size : 2 - 9,https://otbxair.com/,Oakville  Canada
Danielle Turner & Velvet Pumpkin Productions,$1000+,$50 - $99 / hr,Size : Freelancer,http://www.velvetpumpkin.com,Vancouver  Canada
Kevin Thom Photographer,Undisclosed,Undisclosed,Size : 2 - 9,https://www.kevinthom.com/,Hamilton  Canada
Product Photography Toronto,Undisclosed,Undisclosed,Size : 2 - 9,https://www.julesdesign.ca/,Toronto  Canada
NYB MEDIA,Undisclosed,Undisclosed,Size : 2 - 9,https://nybmedia.net/,Toronto  Canada
Gold Media,Undisclosed,Undisclosed,Size : 2 - 9,https://www.goldmedia.ca/,Mississauga  Canada
Espace Urbain,Undisclosed,Undisclosed,Size : 2 - 9,https://espaceurbain.com/,Montreal  Canada
Lindsay Muciy Photo & Video,Undisclosed,Undisclosed,Size : 2 - 9,https://www.lindsaymuciyphotography.com/,Montréal  Canada
Find A Way,Undisclosed,Undisclosed,Size : 2 - 9,http://www.findaway.ca/,Toronto  Canada
Dan Abramovici Photography,Undisclosed,Undisclosed,Size : 2 - 9,https://www.danabramoviciphotography.com/,Toronto  Canada
Brock Kryton Photography,Undisclosed,Undisclosed,Size : 2 - 9,https://www.brockkryton.com/,Edmonton  Canada
Moss Media Solutions,Undisclosed,Undisclosed,Size : 2 - 9,https://mossmediasolutions.com/,Halifax  Canada
Coelement,Undisclosed,Undisclosed,Size : 2 - 9,http://www.thecoelement.com/,Winnipeg  Canada
Alterna Films,Undisclosed,Undisclosed,Size : 2 - 9,http://www.alternafilms.ca/,West Vancouver  Canada
Pin Point Productions,Undisclosed,Undisclosed,Size : 2 - 9,http://pinpoint.net/,Vancouver  Canada
Nisarg Media Productions,Undisclosed,Undisclosed,Size : 2 - 9,http://nisargmediaproductions.com/,Brampton  Canada
Crucial Pictures,Undisclosed,Undisclosed,Size : 2 - 9,http://crucialpictures.com/,Toronto  Canada
Bestlight Media,Undisclosed,Undisclosed,Size : 2 - 9,http://www.bestlight.ca/,Toronto  Canada
Helium Video,Undisclosed,Undisclosed,Size : 2 - 9,https://helium.video/,Toronto  Canada
Ocetv,Undisclosed,Undisclosed,Size : 2 - 9,http://www.ocetv.ca/,Toronto  Canada
To U Studio Production Inc.,Undisclosed,Undisclosed,Size : 2 - 9,http://touproduction.com/,Markham  Canada
Tango Photographie,Undisclosed,Undisclosed,Size : 2 - 9,https://www.tangophotographie.com/fr/,Montreal  Canada
Jive Photographic Productions,$5000+,Undisclosed,Size : 2 - 9,https://www.jivephotographic.com/,Halifax  Canada
YANGAROO,Undisclosed,Undisclosed,Size : 10 - 49,http://www.yangaroo.com/,Toronto  Canada
Arctic Designs,Undisclosed,Undisclosed,Size : 10 - 49,https://arcticdesigns.ca/,Toronto  Canada
Boldfish Video Production Inc.,Undisclosed,Undisclosed,Size : 2 - 9,https://boldfishvideo.com/,Vancouver  Canada
Mike Efford Motion Design,Undisclosed,Undisclosed,Size : 2 - 9,http://www.mike-efford-motion-design.com/,Toronto  Canada
POST CITY Sound,Undisclosed,Undisclosed,Size : 2 - 9,https://www.postcityps.com/,Toronto  Canada
Chopper Pictures,Undisclosed,Undisclosed,Size : 2 - 9,http://chopperpictures.com/,Toronto  Canada
Motion and Still Inc.,Undisclosed,Undisclosed,Size : 2 - 9,https://www.motionandstill.com/,Toronto  Canada
Digipost Multimedia,Undisclosed,Undisclosed,Size : 2 - 9,http://www.digipostmultimedia.ca/,Richmond Hill  Canada
Brian Pieters Corporate Visuals,Undisclosed,Undisclosed,Size : 2 - 9,https://www.brianpieters.com/,Toronto  Canada
Le Tribe Media,$5000+,$100 - $149 / hr,Size : 2 - 9,https://www.letribemedia.com/,Côte Saint-Luc  Canada
Leaders Media,Undisclosed,Undisclosed,Size : 2 - 9,https://leadersmedia.ca/,Surrey  Canada
Social Producers,Undisclosed,Undisclosed,Size : 2 - 9,http://socialproducers.com/,Toronto  Canada
Ethereum Films,Undisclosed,Undisclosed,Size : 2 - 9,https://ethereumfilms.com/,Toronto  Canada
Edit Extreme,Undisclosed,Undisclosed,Size : 2 - 9,https://editextreme.com/,Toronto  Canada
KM4 Productions,Undisclosed,Undisclosed,Size : 2 - 9,http://km4productions.com/index.html,Toronto  Canada
J Gucci Ent.,Undisclosed,Undisclosed,Size : 2 - 9,https://www.jguccient.com/,Toronto  Canada
DELL VIDEO PRODUCTIONS,Undisclosed,Undisclosed,Size : 2 - 9,http://www.dellproductions.com/,Toronto  Canada
PBNJ productions inc.,$1000+,$100 - $149 / hr,Size : 2 - 9,http://www.productionspbnj.com,Vaudreuil-Dorion  Canada
Star Pictures Corporation,Undisclosed,Undisclosed,Size : 2 - 9,https://www.starpicturescorp.ca/,Surrey  Canada
Falkenberg Productions,Undisclosed,Undisclosed,Size : 2 - 9,https://falkenbergproductions.com/,Toronto  Canada
The Crate Group,Undisclosed,Undisclosed,Size : 2 - 9,https://www.cratemedia.ca/,Toronto  Canada
Stathi Film Boutique,Undisclosed,Undisclosed,Size : 2 - 9,http://stathifilmboutique.com/,Toronto  Canada
MXR Productions,$1000+,$25 - $49 / hr,Size : 2 - 9,http://www.mxrproductions.ca,Vancouver  Canada
HB Photography & Film,Undisclosed,Undisclosed,Size : 2 - 9,https://www.hbphotographyfilm.com/,Montreal  Canada
Whisky Lane,$5000+,Undisclosed,Size : 2 - 9,https://whskylane.com,West Kelowna  Canada
Sunshine Creative Agency,$5000+,$100 - $149 / hr,Size : 2 - 9,https://sunshinecreative.ca/,Canmore  Canada
Orange Rocket,$5000+,$100 - $149 / hr,Size : 2 - 9,https://orangerocket.ca,Vancouver  Canada
M & H,Undisclosed,Undisclosed,Size : 50 - 249,http://www.mh.ca,Montreal  Canada
FH Studio,Undisclosed,Undisclosed,Size : 10 - 49,http://fh-studio.com/,Montréal  Canada
Cicada Design Inc.,Undisclosed,Undisclosed,Size : 2 - 9,http://www.cicadadesign.ca/,Toronto  Canada
Addrenaline Media,Undisclosed,Undisclosed,Size : 2 - 9,http://addrenaline.ca/,Toronto  Canada
Memory Tree,Undisclosed,Undisclosed,Size : 10 - 49,https://www.memorytree.ca/,Kitchener  Canada
Search + Rescue Marketing Agency,$1000+,$50 - $99 / hr,Size : 2 - 9,https://www.searchrescue.ca/,Surrey  Canada
Avtel Media Communications Inc,Undisclosed,Undisclosed,Size : 2 - 9,http://www.avtelmedia.com/,Pickering  Canada
MEDIAPOP Films | Video Production Company,$5000+,$150 - $199 / hr,Size : 2 - 9,https://www.mediapop.ca,Calgary  Canada
Ontrack Communications,Undisclosed,Undisclosed,Size : 2 - 9,http://www.ontrackcommunications.ca/,Toronto  Canada
Current Studios,$1000+,$100 - $149 / hr,Size : 50 - 249,https://www.currentstudios.com/,Halifax  Canada
Wazoom Studio,$1000+,$50 - $99 / hr,Size : 2 - 9,https://wazoom-studio.com/,Rivière-du-Loup  Canada
Orchid Portrait,Undisclosed,Undisclosed,Size : 2 - 9,https://www.orchidphotostudio.com/orchid_intro/,Toronto  Canada
Barking Mad Media,Undisclosed,Undisclosed,Size : 2 - 9,http://www.barkingmadmedia.ca/,Toronto  Canada
Inside Media,$1000+,< $25 / hr,Size : 50 - 249,https://theinsidemedia.com/,Calgary  Canada
VO IMAGES PRODUCTION,$1000+,Undisclosed,Size : 2 - 9,https://www.voimages.ca/,Lloydminster  Canada
Penega,Undisclosed,Undisclosed,Size : 10 - 49,http://www.penega.com,Montréal  Canada
AL Media,$1000+,$50 - $99 / hr,Size : 2 - 9,http://www.alexleonardmedia.com,London  Canada
Creative Era Media,$1000+,Undisclosed,Size : 2 - 9,http://www.creativeeramedia.com,Calgary  Canada
Colour,Undisclosed,Undisclosed,Size : 10 - 49,https://colour.ca/,Halifax  Canada
Ambiances Design Productions,Undisclosed,Undisclosed,Size : Freelancer,http://ambiancesdesign.com/en/,Pointe-Claire  Canada
Toth Media,$1000+,$100 - $149 / hr,Size : 2 - 9,https://tothmedia.ca/,Vancouver  Canada
Luxsonic Technologies,Undisclosed,Undisclosed,Size : 2 - 9,http://www.luxsonic.ca/,Saskatoon  Canada
IMAGINE360,$5000+,$100 - $149 / hr,Size : 10 - 49,http://www.imagine360.marketing/,Montréal  Canada
Winged Whale Media,$10000+,$50 - $99 / hr,Size : 10 - 49,https://wingedwhalemedia.com/,Brampton  Canada
Evan Holt Photography & Videography,Undisclosed,Undisclosed,Size : Freelancer,https://www.evanholt.ca/#home,Peterborough  Canada
Marant Media Group,Undisclosed,Undisclosed,Size : 2 - 9,https://marantmedia.com/,Vancouver  Canada
Lai and Associates DMC,$1000+,$50 - $99 / hr,Size : Freelancer,http://www.laiandassociatesdmc.com,Pickering  Canada
Directwest,Undisclosed,Undisclosed,Size : 50 - 249,https://directwest.com/,Regina  Canada
Mtek Digital,$1000+,$100 - $149 / hr,Size : 2 - 9,https://www.mtekdigital.ca,Edmonton  Canada
Studio Beau,Undisclosed,Undisclosed,Size : 2 - 9,http://beau.designbureau.ca/,Montréal  Canada
Toronto Cameraman,$1000+,$50 - $99 / hr,Size : Freelancer,http://Www.torontocameramanservices.com,Oakville  Canada
Invision Pro,Undisclosed,Undisclosed,Size : 2 - 9,https://www.invisionpro.com/,Toronto  Canada
Kabane,Undisclosed,Undisclosed,Size : 10 - 49,https://www.kabane.ca/,Quebec City  Canada
RavenMedia,$1000+,$50 - $99 / hr,Size : 2 - 9,http://www.ravenmedia.ca,Pictou  Canada
Lillian Fidler Design,Undisclosed,Undisclosed,Size : 2 - 9,https://www.lillianfidler.com/,St. John's  Canada
SocialPixel,$1000+,$50 - $99 / hr,Size : 2 - 9,https://socialpixel.ca/,Edmonton  Canada
TUX Creative Co.,$10000+,$100 - $149 / hr,Size : 50 - 249,https://tux.co/,Montréal  Canada
ICON Digital Productions Inc.,Undisclosed,Undisclosed,Size : 50 - 249,http://www.icondigital.com/,Markham  Canada
Prime Marketing,Undisclosed,Undisclosed,Size : 50 - 249,https://primemarketing.ca,Québec  Canada
Access Marketing & Media Agency,Undisclosed,Undisclosed,Size : 2 - 9,http://accessmarketingandmedia.com/,Montreal  Canada
Red Dragon Marketing Inc.,Undisclosed,Undisclosed,Size : 2 - 9,https://www.reddragonmarketing.net/,Windsor  Canada
TAKEOFF CREATIVE,Undisclosed,Undisclosed,Size : 2 - 9,http://www.takeoffcreative.com,Montréal  Canada
333 Photo & Design,Undisclosed,Undisclosed,Size : 10 - 49,https://333photo.com/,Montréal  Canada
Proof Experiences,Undisclosed,Undisclosed,Size : 50 - 249,https://www.proofexperiences.com/,Toronto  Canada
Eiko Jones Photography,Undisclosed,Undisclosed,Size : 2 - 9,https://www.eikojonesphotography.com/,Campbell River  Canada
Pathways Training and eLearning Inc.,Undisclosed,Undisclosed,Size : 10 - 49,https://www.pathwaystrainingandelearning.ca,Toronto  Canada
Marketing Media,Undisclosed,Undisclosed,Size : 10 - 49,https://marketingmedia.ca/,Sherbrooke  Canada
Imagine 3D Workshop,Undisclosed,Undisclosed,Size : 2 - 9,https://www.imagine3dworkshop.com/,Edmonton  Canada
Khaos,$5000+,Undisclosed,Size : 2 - 9,http://www.createkhaos.com,West Kelowna  Canada
Q Power,Undisclosed,Undisclosed,Size : 10 - 49,https://qpower.ca,Winnipeg  Canada
Chivalry Creative,$10000+,Undisclosed,Size : 10 - 49,https://chivalrycreative.com/,Montréal  Canada
Mao|marketing,Undisclosed,Undisclosed,Size : 10 - 49,https://maomarketing.com/,Guelph  Canada
The Mark,$10000+,$150 - $199 / hr,Size : 10 - 49,http://www.wearethemark.com,Toronto  Canada
Current Studios,Undisclosed,Undisclosed,Size : 50 - 249,https://currentstudios.digital,Halifax  Canada
Diplock &,$1000+,$50 - $99 / hr,Size : Freelancer,http://www.diplock.ca,Toronto  Canada
Chris Harris Photography,Undisclosed,Undisclosed,Size : 2 - 9,https://www.chrisharris.com/,100 Mile House  Canada
Davis,Undisclosed,Undisclosed,Size : 50 - 249,https://davis.agency/,Mississauga  Canada
ZL Social,$1000+,Undisclosed,Size : 2 - 9,http://zlsocial.com,Edmonton  Canada
Smart Shot,Undisclosed,Undisclosed,Size : 2 - 9,https://www.smartshot.ca/,Vaughan  Canada
Blue Cow Marketing Inc.,Undisclosed,Undisclosed,Size : 2 - 9,https://www.bluecowmarketing.ca/,Coldbrook  Canada
Media Ladder Digital Marketing,Undisclosed,Undisclosed,Size : 2 - 9,https://www.medialadder.ca/,Pictou  Canada
Nordic Media,$5000+,$100 - $149 / hr,Size : 2 - 9,http://www.nordic.media,Edmonton  Canada
New Wave Media,Undisclosed,Undisclosed,Size : 10 - 49,http://www.new-wavemedia.com/,Calgary  Canada
Genius XR,$10000+,$150 - $199 / hr,Size : 10 - 49,http://a1genius.com/,Montréal  Canada
Peak Communicators Ltd.,Undisclosed,Undisclosed,Size : 10 - 49,http://peakco.com/,Vancouver  Canada
Antro,Undisclosed,Undisclosed,Size : 10 - 49,http://www.antro.ca,Saint-Lambert  Canada
Bamboo Shoots,Undisclosed,Undisclosed,Size : 10 - 49,https://bambooshoots.ca/,Saskatoon  Canada
Graph Synergie,Undisclosed,Undisclosed,Size : 10 - 49,https://graphsynergie.com/,Québec  Canada
Summers Pictures,Undisclosed,Undisclosed,Size : 2 - 9,https://summerspictures.com/,Toronto  Canada
ONIKON Creative,Undisclosed,Undisclosed,Size : 2 - 9,https://www.onikon.com/,Surrey  Canada
TACT Intelligence-Conseil,$5000+,$100 - $149 / hr,Size : 10 - 49,http://www.tactconseil.ca/,Québec  Canada
Molotov,Undisclosed,Undisclosed,Size : 10 - 49,https://molotov.ca/,Montreal  Canada
Visual Smugglers,$5000+,$100 - $149 / hr,Size : 2 - 9,http://www.visualsmugglers.com,Toronto  Canada
Octopus & Son Social Media Inc,Undisclosed,Undisclosed,Size : 2 - 9,http://octopusandson.com/,Calgary  Canada
Mychailo Photography,Undisclosed,Undisclosed,Size : 2 - 9,https://www.mikekovaliv.com/,Windsor  Canada
SmartPhotos,Undisclosed,Undisclosed,Size : 2 - 9,http://www.smartphotos.ca/,Vancouver  Canada
Cageless Content,Undisclosed,Undisclosed,Size : 2 - 9,https://www.cagelesscontent.com/,Sydney  Canada
MISSISSAUGA SEO GUY,Undisclosed,Undisclosed,Size : 2 - 9,https://mississaugaseoguy.com/,Mississauga  Canada
Magnolias Consulting Group,$5000+,$50 - $99 / hr,Size : 10 - 49,https://www.magnoliasconsulting.com/,Edmonton  Canada
MARAMEL,Undisclosed,Undisclosed,Size : 10 - 49,http://www.maramel.com/,Montréal  Canada
TDG Marketing Inc.,Undisclosed,Undisclosed,Size : 10 - 49,https://www.tdgmarketing.com/,Brantford  Canada
An Infinite Number of Monkeys,$1000+,$100 - $149 / hr,Size : 2 - 9,https://infinitemonkeys.ca/,Victoria  Canada
Billingham Agency,$10000+,$100 - $149 / hr,Size : 2 - 9,https://billinghamagency.com,Ottawa  Canada
LMNO,Undisclosed,Undisclosed,Size : 10 - 49,https://meetlmno.com/,Saskatoon  Canada
Definite Image,Undisclosed,Undisclosed,Size : 2 - 9,https://definiteimage.com/,Pointe-Claire  Canada
Atlantic Studio,Undisclosed,Undisclosed,Size : 2 - 9,http://www.atlanticstudio.ca/,Dartmouth  Canada
Groovetime Creative,Undisclosed,Undisclosed,Size : 10 - 49,https://www.groovetime.ca/,Regina  Canada
BLCK MAGZN Productions,$1000+,$100 - $149 / hr,Size : 2 - 9,http://blckmagznproductions.com,Montréal  Canada
Derooted,$10000+,$150 - $199 / hr,Size : 2 - 9,http://derooted.com/,Toronto  Canada
Optik 360,Undisclosed,Undisclosed,Size : 2 - 9,https://optik360.com/,Sept-Îles  Canada
Tekmap Consulting,Undisclosed,Undisclosed,Size : 2 - 9,https://tekmap.ns.ca,Fletchers Lake  Canada
Ancell Marketing,Undisclosed,Undisclosed,Size : 2 - 9,https://www.ancell.ca/,Port Coquitlam  Canada
Carbon Marketing,$1000+,$100 - $149 / hr,Size : 10 - 49,https://carbonmarketing.ca,Regina  Canada
Vilampara Media,Undisclosed,Undisclosed,Size : 2 - 9,https://www.vilampara.com/,Toronto  Canada
Proximity Wave Media,$5000+,$100 - $149 / hr,Size : 2 - 9,http://www.proximitywave.com/,Toronto  Canada
A.N.D. Communication & Graphics,Undisclosed,Undisclosed,Size : 2 - 9,http://www.andcommunication.ca/,Florenceville-Bristol  Canada
Ray Creative Agency,Undisclosed,Undisclosed,Size : 2 - 9,https://rayagency.ca/,St. John's  Canada
Beehive Design Toronto,Undisclosed,Undisclosed,Size : 2 - 9,http://beehivedesign.com/,Toronto  Canada
Upstream Marketing Inc.,Undisclosed,Undisclosed,Size : 2 - 9,https://upstreammarketing.ca/,St. John's  Canada
Alles Creative,Undisclosed,Undisclosed,Size : 2 - 9,http://www.alles.ca/,Toronto  Canada
Bang Up Productions,Undisclosed,Undisclosed,Size : 2 - 9,http://bangupproductions.ca/,Saskatoon  Canada
Mindlite Media,Undisclosed,Undisclosed,Size : 2 - 9,http://www.mindlite.com/,Vancouver  Canada
Digital Clicks Marketing,Undisclosed,Undisclosed,Size : 2 - 9,https://www.digitalclicks.ca/,London  Canada
Effective Edge Communications Inc.,Undisclosed,Undisclosed,Size : 2 - 9,https://www.effectiveedge.ca/,St. Jacobs  Canada
Divorce Marketing Group,Undisclosed,Undisclosed,Size : 10 - 49,https://divorcemarketinggroup.com/,Toronto  Canada
Magnified Public Relations,Undisclosed,Undisclosed,Size : 2 - 9,https://www.magnified.co/video-production/,Halifax  Canada
Titan Marketing Solutions,Undisclosed,Undisclosed,Size : 2 - 9,https://titanmarketingsolutions.com/,Winnipeg  Canada
The Laundry Design Works,Undisclosed,Undisclosed,Size : 2 - 9,https://www.laundrydesignworks.com/,Hamilton  Canada
Big Click,$1000+,$25 - $49 / hr,Size : 2 - 9,https://www.bigclick.ca,Edmonton  Canada
Milestone Integrated Marketing,Undisclosed,Undisclosed,Size : 10 - 49,https://milestoneintegrated.com/,Cambridge  Canada
UpHouse,Undisclosed,Undisclosed,Size : 2 - 9,https://www.uphouseinc.com,Winnipeg  Canada
Seasnd,Undisclosed,Undisclosed,Size : 2 - 9,http://seasnd.com/,Saskatoon  Canada
Vivid Communication,Undisclosed,Undisclosed,Size : 2 - 9,https://www.vividnl.ca/,St. John's  Canada
Lefrancois Agency Marketing B2B,Undisclosed,Undisclosed,Size : 2 - 9,http://www.lefrancoisstrategies.com,Québec  Canada
Noveo Marketing,Undisclosed,Undisclosed,Size : 2 - 9,https://noveomarketing.com,Montréal  Canada
Ramen Creative,$5000+,Undisclosed,Size : 2 - 9,http://www.showmetheramen.com,West Kelowna  Canada
Burrard Strategy Inc.,$5000+,Undisclosed,Size : 2 - 9,https://burrardstrategy.com/,Vancouver  Canada
Focus One Films Inc.,$1000+,$100 - $149 / hr,Size : 2 - 9,http://focusonefilms.com,Toronto  Canada
iWEBAPP - Web Design & Development Agency,$1000+,$50 - $99 / hr,Size : 2 - 9,https://www.iwebapp.ca,Ottawa  Canada
Snakebyte Studios Inc.,$1000+,$150 - $199 / hr,Size : 2 - 9,https://www.snakebyte.ca/,Toronto  Canada
Tink,$50000+,$100 - $149 / hr,Size : 50 - 249,https://www.tink.ca/en,Montreal  Canada
Kinetix Media Communications Ltd.,Undisclosed,$100 - $149 / hr,Size : 2 - 9,http://kinetixdigital.ca,Burnaby  Canada
Pursocial Media Agency Inc,$5000+,$50 - $99 / hr,Size : 2 - 9,http://pursocial.ca,Toronto  Canada
Trackstar Web Design,Undisclosed,Undisclosed,Size : 2 - 9,https://www.trackstar-web-design.ca/,Vancouver  Canada
Curiocity Group Inc.,$1000+,Undisclosed,Size : 10 - 49,http://www.curiocitygroup.ca,Calgary  Canada
Sway,Undisclosed,Undisclosed,Size : 10 - 49,http://swayadvertising.ca/,Guelph  Canada
NKPR,$10000+,$100 - $149 / hr,Size : 10 - 49,http://nkpr.net/,Toronto  Canada
Hiilite,Undisclosed,Undisclosed,Size : 10 - 49,https://hiilite.com/,Kelowna  Canada
Imperium Social,$1000+,Undisclosed,Size : 2 - 9,https://imperium.social,Kingston  Canada
Zink,$5000+,$50 - $99 / hr,Size : 2 - 9,https://www.zink.ca,Toronto  Canada
Thought Media,$5000+,$100 - $149 / hr,Size : 10 - 49,https://www.thoughtmedia.com,Toronto  Canada
HRVST,Undisclosed,Undisclosed,Size : 2 - 9,https://gohrvst.com/,Montréal  Canada
902 Advertising Group Ltd.,Undisclosed,Undisclosed,Size : 2 - 9,https://www.902advertisinggroup.com/,Sydney  Canada
IRIX Design,$10000+,$150 - $199 / hr,Size : 10 - 49,http://www.irix-design.com/,Vancouver  Canada
Habit,Undisclosed,Undisclosed,Size : 50 - 249,https://habithq.ca/,Edmonton  Canada
Concrete Design,Undisclosed,Undisclosed,Size : 10 - 49,http://concrete.ca/,Toronto  Canada
Agence Green Star,Undisclosed,Undisclosed,Size : 2 - 9,https://agencegreenstar.com/,Montréal  Canada
myMarketing.io,$1000+,$50 - $99 / hr,Size : 2 - 9,https://mymarketing.io/,Ottawa  Canada
immediator.ca,Undisclosed,Undisclosed,Size : Freelancer,http://immediator.ca/,Winnipeg  Canada
Accurate Creative,Undisclosed,$50 - $99 / hr,Size : 10 - 49,http://accurate.ca/,Ottawa  Canada
The Best Media,$1000+,$25 - $49 / hr,Size : 10 - 49,https://thebestmedia.com/,Toronto  Canada
At Heart Creative,$1000+,$150 - $199 / hr,Size : 2 - 9,http://atheart.co,Calgary  Canada
Apropos Marketing Communications,Undisclosed,Undisclosed,Size : 10 - 49,http://www.aproposcom.com/,Moncton  Canada
WeUsThem Inc.,Undisclosed,Undisclosed,Size : 10 - 49,https://www.weusthem.com/,Halifax  Canada
Lotta Digital,Undisclosed,Undisclosed,Size : 10 - 49,https://www.lottadigital.com/,Dartmouth  Canada
Onlea,Undisclosed,Undisclosed,Size : 10 - 49,https://onlea.org,Edmonton  Canada
Zen Branding Design & Com.,$5000+,$100 - $149 / hr,Size : 10 - 49,http://zenbranding.ca,Montréal  Canada
Make Creative,$10000+,$50 - $99 / hr,Size : 2 - 9,http://makecreative.ca/,Vancouver  Canada
Feifei Digital Ltd,$1000+,$100 - $149 / hr,Size : 2 - 9,https://feifeiltd.com,Vancouver  Canada
Alyr,$5000+,$100 - $149 / hr,Size : 2 - 9,http://alyr.com/,Toronto  Canada
Underline Studio,Undisclosed,Undisclosed,Size : 2 - 9,http://underlinestudio.com/,Toronto  Canada
Melcher Studios,$25000+,$25 - $49 / hr,Size : 10 - 49,http://www.melcher.ca/,Regina  Canada
ATME Culture & Communications Group Inc,$5000+,Undisclosed,Size : 2 - 9,http://www.atme-now.com,Toronto  Canada
Cedar Creative,Undisclosed,Undisclosed,Size : 2 - 9,https://cedarcreative.ca,Toronto  Canada
Hok Nik Creative Inc.,Undisclosed,Undisclosed,Size : 2 - 9,https://www.hoknik.com/,Edmonton  Canada
Amazing Space Interiors,Undisclosed,Undisclosed,Size : 2 - 9,http://amazingspaceinteriors.com/,Halifax  Canada
WesternSoftwares,$5000+,$50 - $99 / hr,Size : 10 - 49,http://www.westernsoftwares.com/,Mississauga  Canada
CACTUS Design Inc.,Undisclosed,Undisclosed,Size : 2 - 9,https://www.gocactus.com/,Toronto  Canada
Coastlines Creative Group,Undisclosed,Undisclosed,Size : 2 - 9,http://coastlinescreative.com/,Vancouver  Canada
Whatever Solutions & Media,Undisclosed,Undisclosed,Size : 2 - 9,https://www.whatevermedia.ca/,Peterborough  Canada
Highland Multimedia,Undisclosed,Undisclosed,Size : 2 - 9,http://highlandmultimedia.com/,Antigonish  Canada
Exchange Agency,$50000+,Undisclosed,Size : 10 - 49,http://exchange.agency,Winnipeg  Canada
Loki Creative,Undisclosed,Undisclosed,Size : 2 - 9,http://www.weareloki.com/,Vancouver  Canada
CINDERBLOC,Undisclosed,Undisclosed,Size : 2 - 9,http://www.cinderbloc.com/,Toronto  Canada
Firedog Communications,Undisclosed,Undisclosed,Size : 2 - 9,https://firedogpr.com/,Thunder Bay  Canada
Media Mall Marketing Inc,Undisclosed,Undisclosed,Size : 2 - 9,https://mediamall.ca/,Ottawa  Canada
Umbrella Legal Marketing,Undisclosed,Undisclosed,Size : 2 - 9,http://www.umbrellalegalmarketing.com,Toronto  Canada
Phoenix Wise Solutions,$1000+,$100 - $149 / hr,Size : 2 - 9,http://phoenixwise.ca,Richmond Hill  Canada
Blimey,$10000+,$50 - $99 / hr,Size : 2 - 9,http://blimey.tv,Jerusalem  Israel
Zen Digital,Undisclosed,Undisclosed,Size : 2 - 9,https://zendigital.io/,North Vancouver  Canada
Telecine123,$25000+,$200 - $300 / hr,Size : 10 - 49,https://www.telecine.ca,Montréal  Canada
Makewell Creative Co.,Undisclosed,Undisclosed,Size : 2 - 9,https://makewell.ca/,Regina  Canada
Markatects Corp.,$5000+,$150 - $199 / hr,Size : 2 - 9,https://mark-a-tects.com,Calgary  Canada
The BIG IDEA Agency,$10000+,$150 - $199 / hr,Size : 2 - 9,http://www.thebigideaagency.ca,Toronto  Canada
The Marketing Company,Undisclosed,Undisclosed,Size : 2 - 9,https://hellotmc.com/,Hamilton  Canada
Conspico Creative Solutions Ltd.,$1000+,$50 - $99 / hr,Size : 2 - 9,https://www.conspico.ca,Waterloo  Canada
WorkMore Inc.,$5000+,Undisclosed,Size : 2 - 9,https://workmore.ca/,Calgary  Canada
The Concept Agency,$1000+,$100 - $149 / hr,Size : 2 - 9,http://theconceptagency.co,Toronto  Canada
Magneta Marketing Agency,$1000+,$50 - $99 / hr,Size : 2 - 9,http://magnetamarketing.com/,Toronto  Canada
Kynda Creative Agency,$5000+,$50 - $99 / hr,Size : 2 - 9,https://www.kyndacreative.com,Toronto  Canada
Social Influenc.,$1000+,Undisclosed,Size : 2 - 9,https://www.socialinfluenc.ca,Toronto  Canada
Weekendo,$5000+,$25 - $49 / hr,Size : 2 - 9,http://weekendo.ca,Toronto  Canada
Beonbrand Inc,$5000+,$150 - $199 / hr,Size : 2 - 9,https://www.beonbrand.ca,Toronto  Canada
Monograph&Co.,Undisclosed,Undisclosed,Size : Freelancer,https://monographco.com/,Vancouver  Canada
BenchMRK Digital Agency,$1000+,$50 - $99 / hr,Size : Freelancer,https://benchmrk.ca/,Toronto  Canada
Toronto Headshot,Undisclosed,Undisclosed,Size : Freelancer,https://torontoheadshot.com,Toronto  Canada
LE NEKTAR,$1000+,$25 - $49 / hr,Size : Freelancer,http://www.lenektar.fr,Montréal  Canada
BP MediaWorks,$1000+,$25 - $49 / hr,Size : Freelancer,https://www.bpmediaworks.com,Blackfalds  Canada
Contractor Communications,$1000+,$25 - $49 / hr,Size : Freelancer,http://www.contractorcommunications.ca,Welland  Canada
